{
  "ABIRoot": {
    "kind": "Root",
    "name": "TopLevel",
    "printedName": "TopLevel",
    "children": [
      {
        "kind": "Import",
        "name": "Foundation",
        "printedName": "Foundation",
        "declKind": "Import",
        "moduleName": "BrivoFluid",
        "declAttributes": [
          "RawDocComment"
        ]
      },
      {
        "kind": "Import",
        "name": "BrivoCore",
        "printedName": "BrivoCore",
        "declKind": "Import",
        "moduleName": "BrivoFluid"
      },
      {
        "kind": "TypeDecl",
        "name": "FluidConstants",
        "printedName": "FluidConstants",
        "children": [
          {
            "kind": "Var",
            "name": "MINIMUM_BEACON_RSSI",
            "printedName": "MINIMUM_BEACON_RSSI",
            "children": [
              {
                "kind": "TypeNominal",
                "name": "Int",
                "printedName": "Swift.Int",
                "usr": "s:Si"
              }
            ],
            "declKind": "Var",
            "usr": "s:10BrivoFluid0B9ConstantsV19MINIMUM_BEACON_RSSISivpZ",
            "mangledName": "$s10BrivoFluid0B9ConstantsV19MINIMUM_BEACON_RSSISivpZ",
            "moduleName": "BrivoFluid",
            "static": true,
            "declAttributes": [
              "HasInitialValue",
              "HasStorage",
              "AccessControl"
            ],
            "isLet": true,
            "hasStorage": true,
            "accessors": [
              {
                "kind": "Accessor",
                "name": "Get",
                "printedName": "Get()",
                "children": [
                  {
                    "kind": "TypeNominal",
                    "name": "Int",
                    "printedName": "Swift.Int",
                    "usr": "s:Si"
                  }
                ],
                "declKind": "Accessor",
                "usr": "s:10BrivoFluid0B9ConstantsV19MINIMUM_BEACON_RSSISivgZ",
                "mangledName": "$s10BrivoFluid0B9ConstantsV19MINIMUM_BEACON_RSSISivgZ",
                "moduleName": "BrivoFluid",
                "static": true,
                "implicit": true,
                "accessorKind": "get"
              }
            ]
          }
        ],
        "declKind": "Struct",
        "usr": "s:10BrivoFluid0B9ConstantsV",
        "mangledName": "$s10BrivoFluid0B9ConstantsV",
        "moduleName": "BrivoFluid",
        "declAttributes": [
          "AccessControl"
        ]
      },
      {
        "kind": "TypeDecl",
        "name": "BrivoSDKFluidErrors",
        "printedName": "BrivoSDKFluidErrors",
        "children": [
          {
            "kind": "Var",
            "name": "unknownError",
            "printedName": "unknownError",
            "children": [
              {
                "kind": "TypeNominal",
                "name": "BrivoError",
                "printedName": "BrivoCore.BrivoError",
                "usr": "c:@M@BrivoCore@objc(cs)BrivoError"
              }
            ],
            "declKind": "Var",
            "usr": "c:@M@BrivoFluid@objc(cs)BrivoSDKFluidErrors(cpy)unknownError",
            "mangledName": "$s10BrivoFluid0A14SDKFluidErrorsC12unknownError0A4Core0aF0CvpZ",
            "moduleName": "BrivoFluid",
            "static": true,
            "declAttributes": [
              "HasInitialValue",
              "Final",
              "HasStorage",
              "AccessControl",
              "ObjC"
            ],
            "isLet": true,
            "hasStorage": true,
            "accessors": [
              {
                "kind": "Accessor",
                "name": "Get",
                "printedName": "Get()",
                "children": [
                  {
                    "kind": "TypeNominal",
                    "name": "BrivoError",
                    "printedName": "BrivoCore.BrivoError",
                    "usr": "c:@M@BrivoCore@objc(cs)BrivoError"
                  }
                ],
                "declKind": "Accessor",
                "usr": "c:@M@BrivoFluid@objc(cs)BrivoSDKFluidErrors(cm)unknownError",
                "mangledName": "$s10BrivoFluid0A14SDKFluidErrorsC12unknownError0A4Core0aF0CvgZ",
                "moduleName": "BrivoFluid",
                "static": true,
                "implicit": true,
                "declAttributes": [
                  "Final",
                  "ObjC"
                ],
                "accessorKind": "get"
              }
            ]
          },
          {
            "kind": "Var",
            "name": "fluidAccessTwoFactorAccessPointError",
            "printedName": "fluidAccessTwoFactorAccessPointError",
            "children": [
              {
                "kind": "TypeNominal",
                "name": "BrivoError",
                "printedName": "BrivoCore.BrivoError",
                "usr": "c:@M@BrivoCore@objc(cs)BrivoError"
              }
            ],
            "declKind": "Var",
            "usr": "c:@M@BrivoFluid@objc(cs)BrivoSDKFluidErrors(cpy)fluidAccessTwoFactorAccessPointError",
            "mangledName": "$s10BrivoFluid0A14SDKFluidErrorsC020fluidAccessTwoFactorF10PointError0A4Core0aJ0CvpZ",
            "moduleName": "BrivoFluid",
            "static": true,
            "declAttributes": [
              "HasInitialValue",
              "Final",
              "HasStorage",
              "AccessControl",
              "ObjC"
            ],
            "isLet": true,
            "hasStorage": true,
            "accessors": [
              {
                "kind": "Accessor",
                "name": "Get",
                "printedName": "Get()",
                "children": [
                  {
                    "kind": "TypeNominal",
                    "name": "BrivoError",
                    "printedName": "BrivoCore.BrivoError",
                    "usr": "c:@M@BrivoCore@objc(cs)BrivoError"
                  }
                ],
                "declKind": "Accessor",
                "usr": "c:@M@BrivoFluid@objc(cs)BrivoSDKFluidErrors(cm)fluidAccessTwoFactorAccessPointError",
                "mangledName": "$s10BrivoFluid0A14SDKFluidErrorsC020fluidAccessTwoFactorF10PointError0A4Core0aJ0CvgZ",
                "moduleName": "BrivoFluid",
                "static": true,
                "implicit": true,
                "declAttributes": [
                  "Final",
                  "ObjC"
                ],
                "accessorKind": "get"
              }
            ]
          },
          {
            "kind": "Var",
            "name": "noPassesFoundInLocalStorageError",
            "printedName": "noPassesFoundInLocalStorageError",
            "children": [
              {
                "kind": "TypeNominal",
                "name": "BrivoError",
                "printedName": "BrivoCore.BrivoError",
                "usr": "c:@M@BrivoCore@objc(cs)BrivoError"
              }
            ],
            "declKind": "Var",
            "usr": "c:@M@BrivoFluid@objc(cs)BrivoSDKFluidErrors(cpy)noPassesFoundInLocalStorageError",
            "mangledName": "$s10BrivoFluid0A14SDKFluidErrorsC32noPassesFoundInLocalStorageError0A4Core0aK0CvpZ",
            "moduleName": "BrivoFluid",
            "static": true,
            "declAttributes": [
              "HasInitialValue",
              "Final",
              "HasStorage",
              "AccessControl",
              "ObjC"
            ],
            "isLet": true,
            "hasStorage": true,
            "accessors": [
              {
                "kind": "Accessor",
                "name": "Get",
                "printedName": "Get()",
                "children": [
                  {
                    "kind": "TypeNominal",
                    "name": "BrivoError",
                    "printedName": "BrivoCore.BrivoError",
                    "usr": "c:@M@BrivoCore@objc(cs)BrivoError"
                  }
                ],
                "declKind": "Accessor",
                "usr": "c:@M@BrivoFluid@objc(cs)BrivoSDKFluidErrors(cm)noPassesFoundInLocalStorageError",
                "mangledName": "$s10BrivoFluid0A14SDKFluidErrorsC32noPassesFoundInLocalStorageError0A4Core0aK0CvgZ",
                "moduleName": "BrivoFluid",
                "static": true,
                "implicit": true,
                "declAttributes": [
                  "Final",
                  "ObjC"
                ],
                "accessorKind": "get"
              }
            ]
          },
          {
            "kind": "Var",
            "name": "accessPointNotFoundInLocalStorageError",
            "printedName": "accessPointNotFoundInLocalStorageError",
            "children": [
              {
                "kind": "TypeNominal",
                "name": "BrivoError",
                "printedName": "BrivoCore.BrivoError",
                "usr": "c:@M@BrivoCore@objc(cs)BrivoError"
              }
            ],
            "declKind": "Var",
            "usr": "c:@M@BrivoFluid@objc(cs)BrivoSDKFluidErrors(cpy)accessPointNotFoundInLocalStorageError",
            "mangledName": "$s10BrivoFluid0A14SDKFluidErrorsC38accessPointNotFoundInLocalStorageError0A4Core0aL0CvpZ",
            "moduleName": "BrivoFluid",
            "static": true,
            "declAttributes": [
              "HasInitialValue",
              "Final",
              "HasStorage",
              "AccessControl",
              "ObjC"
            ],
            "isLet": true,
            "hasStorage": true,
            "accessors": [
              {
                "kind": "Accessor",
                "name": "Get",
                "printedName": "Get()",
                "children": [
                  {
                    "kind": "TypeNominal",
                    "name": "BrivoError",
                    "printedName": "BrivoCore.BrivoError",
                    "usr": "c:@M@BrivoCore@objc(cs)BrivoError"
                  }
                ],
                "declKind": "Accessor",
                "usr": "c:@M@BrivoFluid@objc(cs)BrivoSDKFluidErrors(cm)accessPointNotFoundInLocalStorageError",
                "mangledName": "$s10BrivoFluid0A14SDKFluidErrorsC38accessPointNotFoundInLocalStorageError0A4Core0aL0CvgZ",
                "moduleName": "BrivoFluid",
                "static": true,
                "implicit": true,
                "declAttributes": [
                  "Final",
                  "ObjC"
                ],
                "accessorKind": "get"
              }
            ]
          },
          {
            "kind": "Var",
            "name": "accessPointTimedOut",
            "printedName": "accessPointTimedOut",
            "children": [
              {
                "kind": "TypeNominal",
                "name": "BrivoError",
                "printedName": "BrivoCore.BrivoError",
                "usr": "c:@M@BrivoCore@objc(cs)BrivoError"
              }
            ],
            "declKind": "Var",
            "usr": "c:@M@BrivoFluid@objc(cs)BrivoSDKFluidErrors(cpy)accessPointTimedOut",
            "mangledName": "$s10BrivoFluid0A14SDKFluidErrorsC19accessPointTimedOut0A4Core0A5ErrorCvpZ",
            "moduleName": "BrivoFluid",
            "static": true,
            "declAttributes": [
              "HasInitialValue",
              "Final",
              "HasStorage",
              "AccessControl",
              "ObjC"
            ],
            "isLet": true,
            "hasStorage": true,
            "accessors": [
              {
                "kind": "Accessor",
                "name": "Get",
                "printedName": "Get()",
                "children": [
                  {
                    "kind": "TypeNominal",
                    "name": "BrivoError",
                    "printedName": "BrivoCore.BrivoError",
                    "usr": "c:@M@BrivoCore@objc(cs)BrivoError"
                  }
                ],
                "declKind": "Accessor",
                "usr": "c:@M@BrivoFluid@objc(cs)BrivoSDKFluidErrors(cm)accessPointTimedOut",
                "mangledName": "$s10BrivoFluid0A14SDKFluidErrorsC19accessPointTimedOut0A4Core0A5ErrorCvgZ",
                "moduleName": "BrivoFluid",
                "static": true,
                "implicit": true,
                "declAttributes": [
                  "Final",
                  "ObjC"
                ],
                "accessorKind": "get"
              }
            ]
          },
          {
            "kind": "Function",
            "name": "brivoErrorWithDescription",
            "printedName": "brivoErrorWithDescription(_:)",
            "children": [
              {
                "kind": "TypeNominal",
                "name": "BrivoError",
                "printedName": "BrivoCore.BrivoError",
                "usr": "c:@M@BrivoCore@objc(cs)BrivoError"
              },
              {
                "kind": "TypeNominal",
                "name": "String",
                "printedName": "Swift.String",
                "usr": "s:SS"
              }
            ],
            "declKind": "Func",
            "usr": "c:@M@BrivoFluid@objc(cs)BrivoSDKFluidErrors(cm)brivoErrorWithDescription:",
            "mangledName": "$s10BrivoFluid0A14SDKFluidErrorsC25brivoErrorWithDescriptiony0A4Core0aF0CSSFZ",
            "moduleName": "BrivoFluid",
            "static": true,
            "declAttributes": [
              "Final",
              "AccessControl",
              "ObjC"
            ],
            "funcSelfKind": "NonMutating"
          },
          {
            "kind": "Constructor",
            "name": "init",
            "printedName": "init()",
            "children": [
              {
                "kind": "TypeNominal",
                "name": "BrivoSDKFluidErrors",
                "printedName": "BrivoFluid.BrivoSDKFluidErrors",
                "usr": "c:@M@BrivoFluid@objc(cs)BrivoSDKFluidErrors"
              }
            ],
            "declKind": "Constructor",
            "usr": "c:@M@BrivoFluid@objc(cs)BrivoSDKFluidErrors(im)init",
            "mangledName": "$s10BrivoFluid0A14SDKFluidErrorsCACycfc",
            "moduleName": "BrivoFluid",
            "overriding": true,
            "implicit": true,
            "objc_name": "init",
            "declAttributes": [
              "Dynamic",
              "ObjC",
              "Override"
            ],
            "init_kind": "Designated"
          }
        ],
        "declKind": "Class",
        "usr": "c:@M@BrivoFluid@objc(cs)BrivoSDKFluidErrors",
        "mangledName": "$s10BrivoFluid0A14SDKFluidErrorsC",
        "moduleName": "BrivoFluid",
        "declAttributes": [
          "AccessControl",
          "ObjC"
        ],
        "superclassUsr": "c:objc(cs)NSObject",
        "inheritsConvenienceInitializers": true,
        "superclassNames": [
          "ObjectiveC.NSObject"
        ],
        "conformances": [
          {
            "kind": "Conformance",
            "name": "Equatable",
            "printedName": "Equatable",
            "usr": "s:SQ",
            "mangledName": "$sSQ"
          },
          {
            "kind": "Conformance",
            "name": "Hashable",
            "printedName": "Hashable",
            "usr": "s:SH",
            "mangledName": "$sSH"
          },
          {
            "kind": "Conformance",
            "name": "CVarArg",
            "printedName": "CVarArg",
            "usr": "s:s7CVarArgP",
            "mangledName": "$ss7CVarArgP"
          },
          {
            "kind": "Conformance",
            "name": "_KeyValueCodingAndObservingPublishing",
            "printedName": "_KeyValueCodingAndObservingPublishing",
            "usr": "s:10Foundation37_KeyValueCodingAndObservingPublishingP",
            "mangledName": "$s10Foundation37_KeyValueCodingAndObservingPublishingP"
          },
          {
            "kind": "Conformance",
            "name": "_KeyValueCodingAndObserving",
            "printedName": "_KeyValueCodingAndObserving",
            "usr": "s:10Foundation27_KeyValueCodingAndObservingP",
            "mangledName": "$s10Foundation27_KeyValueCodingAndObservingP"
          },
          {
            "kind": "Conformance",
            "name": "CustomStringConvertible",
            "printedName": "CustomStringConvertible",
            "usr": "s:s23CustomStringConvertibleP",
            "mangledName": "$ss23CustomStringConvertibleP"
          },
          {
            "kind": "Conformance",
            "name": "CustomDebugStringConvertible",
            "printedName": "CustomDebugStringConvertible",
            "usr": "s:s28CustomDebugStringConvertibleP",
            "mangledName": "$ss28CustomDebugStringConvertibleP"
          }
        ]
      },
      {
        "kind": "Import",
        "name": "Foundation",
        "printedName": "Foundation",
        "declKind": "Import",
        "moduleName": "BrivoFluid",
        "declAttributes": [
          "RawDocComment"
        ]
      },
      {
        "kind": "Import",
        "name": "BrivoOnAir",
        "printedName": "BrivoOnAir",
        "declKind": "Import",
        "moduleName": "BrivoFluid"
      },
      {
        "kind": "TypeDecl",
        "name": "IBrivoSDKFluidDelegate",
        "printedName": "IBrivoSDKFluidDelegate",
        "children": [
          {
            "kind": "Function",
            "name": "brivoSDKFluidShouldUnlockAccessPoint",
            "printedName": "brivoSDKFluidShouldUnlockAccessPoint(_:accessPoint:completion:)",
            "children": [
              {
                "kind": "TypeNominal",
                "name": "Void",
                "printedName": "()"
              },
              {
                "kind": "TypeNominal",
                "name": "BrivoSDKFluid",
                "printedName": "BrivoFluid.BrivoSDKFluid",
                "usr": "c:@M@BrivoFluid@objc(cs)BrivoSDKFluid"
              },
              {
                "kind": "TypeNominal",
                "name": "BrivoSelectedAccessPoint",
                "printedName": "BrivoOnAir.BrivoSelectedAccessPoint",
                "usr": "c:@M@BrivoOnAir@objc(cs)BrivoSelectedAccessPoint"
              },
              {
                "kind": "TypeFunc",
                "name": "Function",
                "printedName": "(Swift.Bool) -> ()",
                "children": [
                  {
                    "kind": "TypeNominal",
                    "name": "Void",
                    "printedName": "()"
                  },
                  {
                    "kind": "TypeNominal",
                    "name": "Bool",
                    "printedName": "Swift.Bool",
                    "usr": "s:Sb"
                  }
                ]
              }
            ],
            "declKind": "Func",
            "usr": "c:@M@BrivoFluid@objc(pl)IBrivoSDKFluidDelegate(im)brivoSDKFluidShouldUnlockAccessPoint:accessPoint:completion:",
            "mangledName": "$s10BrivoFluid22IBrivoSDKFluidDelegateP05brivoD23ShouldUnlockAccessPoint_06accessJ010completionyAA0aD0C_0A5OnAir0a8SelectediJ0CySbctF",
            "moduleName": "BrivoFluid",
            "genericSig": "<τ_0_0 where τ_0_0 : BrivoFluid.IBrivoSDKFluidDelegate>",
            "sugared_genericSig": "<Self where Self : BrivoFluid.IBrivoSDKFluidDelegate>",
            "protocolReq": true,
            "declAttributes": [
              "RawDocComment",
              "ObjC"
            ],
            "reqNewWitnessTableEntry": true,
            "funcSelfKind": "NonMutating"
          }
        ],
        "declKind": "Protocol",
        "usr": "c:@M@BrivoFluid@objc(pl)IBrivoSDKFluidDelegate",
        "mangledName": "$s10BrivoFluid22IBrivoSDKFluidDelegateP",
        "moduleName": "BrivoFluid",
        "genericSig": "<τ_0_0 : AnyObject>",
        "sugared_genericSig": "<Self : AnyObject>",
        "declAttributes": [
          "AccessControl",
          "ObjC"
        ]
      },
      {
        "kind": "Import",
        "name": "Foundation",
        "printedName": "Foundation",
        "declKind": "Import",
        "moduleName": "BrivoFluid",
        "declAttributes": [
          "RawDocComment"
        ]
      },
      {
        "kind": "Import",
        "name": "CoreLocation",
        "printedName": "CoreLocation",
        "declKind": "Import",
        "moduleName": "BrivoFluid"
      },
      {
        "kind": "Import",
        "name": "Foundation",
        "printedName": "Foundation",
        "declKind": "Import",
        "moduleName": "BrivoFluid",
        "declAttributes": [
          "RawDocComment"
        ]
      },
      {
        "kind": "Import",
        "name": "CoreLocation",
        "printedName": "CoreLocation",
        "declKind": "Import",
        "moduleName": "BrivoFluid"
      },
      {
        "kind": "Import",
        "name": "UIKit",
        "printedName": "UIKit",
        "declKind": "Import",
        "moduleName": "BrivoFluid"
      },
      {
        "kind": "Import",
        "name": "Foundation",
        "printedName": "Foundation",
        "declKind": "Import",
        "moduleName": "BrivoFluid",
        "declAttributes": [
          "RawDocComment"
        ]
      },
      {
        "kind": "Import",
        "name": "CoreLocation",
        "printedName": "CoreLocation",
        "declKind": "Import",
        "moduleName": "BrivoFluid"
      },
      {
        "kind": "Import",
        "name": "BrivoCore",
        "printedName": "BrivoCore",
        "declKind": "Import",
        "moduleName": "BrivoFluid"
      },
      {
        "kind": "Import",
        "name": "BrivoOnAir",
        "printedName": "BrivoOnAir",
        "declKind": "Import",
        "moduleName": "BrivoFluid"
      },
      {
        "kind": "Import",
        "name": "BrivoAccess",
        "printedName": "BrivoAccess",
        "declKind": "Import",
        "moduleName": "BrivoFluid"
      },
      {
        "kind": "Import",
        "name": "BrivoBLE",
        "printedName": "BrivoBLE",
        "declKind": "Import",
        "moduleName": "BrivoFluid"
      },
      {
        "kind": "TypeDecl",
        "name": "BrivoSDKFluid",
        "printedName": "BrivoSDKFluid",
        "children": [
          {
            "kind": "Var",
            "name": "delegate",
            "printedName": "delegate",
            "children": [
              {
                "kind": "TypeNominal",
                "name": "WeakStorage",
                "printedName": "BrivoFluid.IBrivoSDKFluidDelegate?"
              }
            ],
            "declKind": "Var",
            "usr": "s:10BrivoFluid0A8SDKFluidC8delegateAA06IBrivoC8Delegate_pSgvp",
            "mangledName": "$s10BrivoFluid0A8SDKFluidC8delegateAA06IBrivoC8Delegate_pSgvp",
            "moduleName": "BrivoFluid",
            "declAttributes": [
              "HasInitialValue",
              "HasStorage",
              "ReferenceOwnership",
              "AccessControl"
            ],
            "ownership": 1,
            "hasStorage": true,
            "accessors": [
              {
                "kind": "Accessor",
                "name": "Get",
                "printedName": "Get()",
                "children": [
                  {
                    "kind": "TypeNominal",
                    "name": "Optional",
                    "printedName": "BrivoFluid.IBrivoSDKFluidDelegate?",
                    "children": [
                      {
                        "kind": "TypeNominal",
                        "name": "IBrivoSDKFluidDelegate",
                        "printedName": "BrivoFluid.IBrivoSDKFluidDelegate",
                        "usr": "c:@M@BrivoFluid@objc(pl)IBrivoSDKFluidDelegate"
                      }
                    ],
                    "usr": "s:Sq"
                  }
                ],
                "declKind": "Accessor",
                "usr": "s:10BrivoFluid0A8SDKFluidC8delegateAA06IBrivoC8Delegate_pSgvg",
                "mangledName": "$s10BrivoFluid0A8SDKFluidC8delegateAA06IBrivoC8Delegate_pSgvg",
                "moduleName": "BrivoFluid",
                "implicit": true,
                "accessorKind": "get"
              },
              {
                "kind": "Accessor",
                "name": "Set",
                "printedName": "Set()",
                "children": [
                  {
                    "kind": "TypeNominal",
                    "name": "Void",
                    "printedName": "()"
                  },
                  {
                    "kind": "TypeNominal",
                    "name": "Optional",
                    "printedName": "BrivoFluid.IBrivoSDKFluidDelegate?",
                    "children": [
                      {
                        "kind": "TypeNominal",
                        "name": "IBrivoSDKFluidDelegate",
                        "printedName": "BrivoFluid.IBrivoSDKFluidDelegate",
                        "usr": "c:@M@BrivoFluid@objc(pl)IBrivoSDKFluidDelegate"
                      }
                    ],
                    "usr": "s:Sq"
                  }
                ],
                "declKind": "Accessor",
                "usr": "s:10BrivoFluid0A8SDKFluidC8delegateAA06IBrivoC8Delegate_pSgvs",
                "mangledName": "$s10BrivoFluid0A8SDKFluidC8delegateAA06IBrivoC8Delegate_pSgvs",
                "moduleName": "BrivoFluid",
                "implicit": true,
                "accessorKind": "set"
              },
              {
                "kind": "Accessor",
                "name": "Modify",
                "printedName": "Modify()",
                "children": [
                  {
                    "kind": "TypeNominal",
                    "name": "Void",
                    "printedName": "()"
                  }
                ],
                "declKind": "Accessor",
                "usr": "s:10BrivoFluid0A8SDKFluidC8delegateAA06IBrivoC8Delegate_pSgvM",
                "mangledName": "$s10BrivoFluid0A8SDKFluidC8delegateAA06IBrivoC8Delegate_pSgvM",
                "moduleName": "BrivoFluid",
                "implicit": true,
                "accessorKind": "_modify"
              }
            ]
          },
          {
            "kind": "Function",
            "name": "instance",
            "printedName": "instance()",
            "children": [
              {
                "kind": "TypeNominal",
                "name": "BrivoSDKFluid",
                "printedName": "BrivoFluid.BrivoSDKFluid",
                "usr": "c:@M@BrivoFluid@objc(cs)BrivoSDKFluid"
              }
            ],
            "declKind": "Func",
            "usr": "c:@M@BrivoFluid@objc(cs)BrivoSDKFluid(cm)instance",
            "mangledName": "$s10BrivoFluid0A8SDKFluidC8instanceACyFZ",
            "moduleName": "BrivoFluid",
            "static": true,
            "declAttributes": [
              "Final",
              "AccessControl",
              "ObjC"
            ],
            "funcSelfKind": "NonMutating"
          },
          {
            "kind": "Function",
            "name": "startFluidAccessService",
            "printedName": "startFluidAccessService(minimumPanelRssi:minimumBeaconRssi:onResult:)",
            "children": [
              {
                "kind": "TypeNominal",
                "name": "Void",
                "printedName": "()"
              },
              {
                "kind": "TypeNominal",
                "name": "Int",
                "printedName": "Swift.Int",
                "hasDefaultArg": true,
                "usr": "s:Si"
              },
              {
                "kind": "TypeNominal",
                "name": "Int",
                "printedName": "Swift.Int",
                "hasDefaultArg": true,
                "usr": "s:Si"
              },
              {
                "kind": "TypeNominal",
                "name": "Optional",
                "printedName": "((BrivoCore.BrivoResult) -> ())?",
                "children": [
                  {
                    "kind": "TypeFunc",
                    "name": "Function",
                    "printedName": "(BrivoCore.BrivoResult) -> ()",
                    "children": [
                      {
                        "kind": "TypeNominal",
                        "name": "Void",
                        "printedName": "()"
                      },
                      {
                        "kind": "TypeNominal",
                        "name": "BrivoResult",
                        "printedName": "BrivoCore.BrivoResult",
                        "usr": "c:@M@BrivoCore@objc(cs)BrivoResult"
                      }
                    ]
                  }
                ],
                "usr": "s:Sq"
              }
            ],
            "declKind": "Func",
            "usr": "c:@M@BrivoFluid@objc(cs)BrivoSDKFluid(im)startFluidAccessServiceWithMinimumPanelRssi:minimumBeaconRssi:onResult:",
            "mangledName": "$s10BrivoFluid0A8SDKFluidC05startB13AccessService16minimumPanelRssi0g6BeaconI08onResultySi_Siy0A4Core0aL0CcSgtF",
            "moduleName": "BrivoFluid",
            "objc_name": "startFluidAccessServiceWithMinimumPanelRssi:minimumBeaconRssi:onResult:",
            "declAttributes": [
              "ObjC",
              "AccessControl"
            ],
            "funcSelfKind": "NonMutating"
          },
          {
            "kind": "Function",
            "name": "stopFluidAccessService",
            "printedName": "stopFluidAccessService()",
            "children": [
              {
                "kind": "TypeNominal",
                "name": "Void",
                "printedName": "()"
              }
            ],
            "declKind": "Func",
            "usr": "c:@M@BrivoFluid@objc(cs)BrivoSDKFluid(im)stopFluidAccessService",
            "mangledName": "$s10BrivoFluid0A8SDKFluidC04stopB13AccessServiceyyF",
            "moduleName": "BrivoFluid",
            "objc_name": "stopFluidAccessService",
            "declAttributes": [
              "ObjC",
              "AccessControl"
            ],
            "funcSelfKind": "NonMutating"
          },
          {
            "kind": "Function",
            "name": "updateFluidAccessPasses",
            "printedName": "updateFluidAccessPasses(brivoOnairPasses:)",
            "children": [
              {
                "kind": "TypeNominal",
                "name": "Void",
                "printedName": "()"
              },
              {
                "kind": "TypeNominal",
                "name": "Optional",
                "printedName": "[BrivoOnAir.BrivoOnairPass]?",
                "children": [
                  {
                    "kind": "TypeNominal",
                    "name": "Array",
                    "printedName": "[BrivoOnAir.BrivoOnairPass]",
                    "children": [
                      {
                        "kind": "TypeNominal",
                        "name": "BrivoOnairPass",
                        "printedName": "BrivoOnAir.BrivoOnairPass",
                        "usr": "c:@M@BrivoOnAir@objc(cs)BrivoOnairPass"
                      }
                    ],
                    "usr": "s:Sa"
                  }
                ],
                "usr": "s:Sq"
              }
            ],
            "declKind": "Func",
            "usr": "c:@M@BrivoFluid@objc(cs)BrivoSDKFluid(im)updateFluidAccessPassesWithBrivoOnairPasses:",
            "mangledName": "$s10BrivoFluid0A8SDKFluidC06updateB12AccessPasses010brivoOnairF0ySay0A5OnAir0aH4PassCGSg_tF",
            "moduleName": "BrivoFluid",
            "objc_name": "updateFluidAccessPassesWithBrivoOnairPasses:",
            "declAttributes": [
              "ObjC",
              "AccessControl"
            ],
            "funcSelfKind": "NonMutating"
          },
          {
            "kind": "Function",
            "name": "addFluidAccessPass",
            "printedName": "addFluidAccessPass(brivoOnairPass:)",
            "children": [
              {
                "kind": "TypeNominal",
                "name": "Void",
                "printedName": "()"
              },
              {
                "kind": "TypeNominal",
                "name": "Optional",
                "printedName": "BrivoOnAir.BrivoOnairPass?",
                "children": [
                  {
                    "kind": "TypeNominal",
                    "name": "BrivoOnairPass",
                    "printedName": "BrivoOnAir.BrivoOnairPass",
                    "usr": "c:@M@BrivoOnAir@objc(cs)BrivoOnairPass"
                  }
                ],
                "usr": "s:Sq"
              }
            ],
            "declKind": "Func",
            "usr": "c:@M@BrivoFluid@objc(cs)BrivoSDKFluid(im)addFluidAccessPassWithBrivoOnairPass:",
            "mangledName": "$s10BrivoFluid0A8SDKFluidC03addB10AccessPass010brivoOnairF0y0A5OnAir0ahF0CSg_tF",
            "moduleName": "BrivoFluid",
            "objc_name": "addFluidAccessPassWithBrivoOnairPass:",
            "declAttributes": [
              "ObjC",
              "AccessControl"
            ],
            "funcSelfKind": "NonMutating"
          }
        ],
        "declKind": "Class",
        "usr": "c:@M@BrivoFluid@objc(cs)BrivoSDKFluid",
        "mangledName": "$s10BrivoFluid0A8SDKFluidC",
        "moduleName": "BrivoFluid",
        "declAttributes": [
          "AccessControl",
          "ObjC"
        ],
        "superclassUsr": "c:objc(cs)NSObject",
        "hasMissingDesignatedInitializers": true,
        "inheritsConvenienceInitializers": true,
        "superclassNames": [
          "ObjectiveC.NSObject"
        ],
        "conformances": [
          {
            "kind": "Conformance",
            "name": "IBrivoSDKFluid",
            "printedName": "IBrivoSDKFluid",
            "usr": "c:@M@BrivoFluid@objc(pl)IBrivoSDKFluid",
            "mangledName": "$s10BrivoFluid14IBrivoSDKFluidP"
          },
          {
            "kind": "Conformance",
            "name": "Equatable",
            "printedName": "Equatable",
            "usr": "s:SQ",
            "mangledName": "$sSQ"
          },
          {
            "kind": "Conformance",
            "name": "Hashable",
            "printedName": "Hashable",
            "usr": "s:SH",
            "mangledName": "$sSH"
          },
          {
            "kind": "Conformance",
            "name": "CVarArg",
            "printedName": "CVarArg",
            "usr": "s:s7CVarArgP",
            "mangledName": "$ss7CVarArgP"
          },
          {
            "kind": "Conformance",
            "name": "_KeyValueCodingAndObservingPublishing",
            "printedName": "_KeyValueCodingAndObservingPublishing",
            "usr": "s:10Foundation37_KeyValueCodingAndObservingPublishingP",
            "mangledName": "$s10Foundation37_KeyValueCodingAndObservingPublishingP"
          },
          {
            "kind": "Conformance",
            "name": "_KeyValueCodingAndObserving",
            "printedName": "_KeyValueCodingAndObserving",
            "usr": "s:10Foundation27_KeyValueCodingAndObservingP",
            "mangledName": "$s10Foundation27_KeyValueCodingAndObservingP"
          },
          {
            "kind": "Conformance",
            "name": "CustomStringConvertible",
            "printedName": "CustomStringConvertible",
            "usr": "s:s23CustomStringConvertibleP",
            "mangledName": "$ss23CustomStringConvertibleP"
          },
          {
            "kind": "Conformance",
            "name": "CustomDebugStringConvertible",
            "printedName": "CustomDebugStringConvertible",
            "usr": "s:s28CustomDebugStringConvertibleP",
            "mangledName": "$ss28CustomDebugStringConvertibleP"
          }
        ]
      },
      {
        "kind": "Import",
        "name": "Foundation",
        "printedName": "Foundation",
        "declKind": "Import",
        "moduleName": "BrivoFluid",
        "declAttributes": [
          "RawDocComment"
        ]
      },
      {
        "kind": "Import",
        "name": "BrivoOnAir",
        "printedName": "BrivoOnAir",
        "declKind": "Import",
        "moduleName": "BrivoFluid"
      },
      {
        "kind": "Import",
        "name": "BrivoCore",
        "printedName": "BrivoCore",
        "declKind": "Import",
        "moduleName": "BrivoFluid"
      },
      {
        "kind": "TypeDecl",
        "name": "IBrivoSDKFluid",
        "printedName": "IBrivoSDKFluid",
        "children": [
          {
            "kind": "Function",
            "name": "startFluidAccessService",
            "printedName": "startFluidAccessService(minimumPanelRssi:minimumBeaconRssi:onResult:)",
            "children": [
              {
                "kind": "TypeNominal",
                "name": "Void",
                "printedName": "()"
              },
              {
                "kind": "TypeNominal",
                "name": "Int",
                "printedName": "Swift.Int",
                "usr": "s:Si"
              },
              {
                "kind": "TypeNominal",
                "name": "Int",
                "printedName": "Swift.Int",
                "usr": "s:Si"
              },
              {
                "kind": "TypeNominal",
                "name": "Optional",
                "printedName": "((BrivoCore.BrivoResult) -> ())?",
                "children": [
                  {
                    "kind": "TypeFunc",
                    "name": "Function",
                    "printedName": "(BrivoCore.BrivoResult) -> ()",
                    "children": [
                      {
                        "kind": "TypeNominal",
                        "name": "Void",
                        "printedName": "()"
                      },
                      {
                        "kind": "TypeNominal",
                        "name": "BrivoResult",
                        "printedName": "BrivoCore.BrivoResult",
                        "usr": "c:@M@BrivoCore@objc(cs)BrivoResult"
                      }
                    ]
                  }
                ],
                "usr": "s:Sq"
              }
            ],
            "declKind": "Func",
            "usr": "c:@M@BrivoFluid@objc(pl)IBrivoSDKFluid(im)startFluidAccessServiceWithMinimumPanelRssi:minimumBeaconRssi:onResult:",
            "mangledName": "$s10BrivoFluid14IBrivoSDKFluidP05startB13AccessService16minimumPanelRssi0h6BeaconJ08onResultySi_Siy0A4Core0aM0CcSgtF",
            "moduleName": "BrivoFluid",
            "genericSig": "<τ_0_0 where τ_0_0 : BrivoFluid.IBrivoSDKFluid>",
            "sugared_genericSig": "<Self where Self : BrivoFluid.IBrivoSDKFluid>",
            "protocolReq": true,
            "declAttributes": [
              "RawDocComment",
              "ObjC"
            ],
            "reqNewWitnessTableEntry": true,
            "funcSelfKind": "NonMutating"
          },
          {
            "kind": "Function",
            "name": "stopFluidAccessService",
            "printedName": "stopFluidAccessService()",
            "children": [
              {
                "kind": "TypeNominal",
                "name": "Void",
                "printedName": "()"
              }
            ],
            "declKind": "Func",
            "usr": "c:@M@BrivoFluid@objc(pl)IBrivoSDKFluid(im)stopFluidAccessService",
            "mangledName": "$s10BrivoFluid14IBrivoSDKFluidP04stopB13AccessServiceyyF",
            "moduleName": "BrivoFluid",
            "genericSig": "<τ_0_0 where τ_0_0 : BrivoFluid.IBrivoSDKFluid>",
            "sugared_genericSig": "<Self where Self : BrivoFluid.IBrivoSDKFluid>",
            "protocolReq": true,
            "declAttributes": [
              "RawDocComment",
              "ObjC"
            ],
            "reqNewWitnessTableEntry": true,
            "funcSelfKind": "NonMutating"
          },
          {
            "kind": "Function",
            "name": "updateFluidAccessPasses",
            "printedName": "updateFluidAccessPasses(brivoOnairPasses:)",
            "children": [
              {
                "kind": "TypeNominal",
                "name": "Void",
                "printedName": "()"
              },
              {
                "kind": "TypeNominal",
                "name": "Optional",
                "printedName": "[BrivoOnAir.BrivoOnairPass]?",
                "children": [
                  {
                    "kind": "TypeNominal",
                    "name": "Array",
                    "printedName": "[BrivoOnAir.BrivoOnairPass]",
                    "children": [
                      {
                        "kind": "TypeNominal",
                        "name": "BrivoOnairPass",
                        "printedName": "BrivoOnAir.BrivoOnairPass",
                        "usr": "c:@M@BrivoOnAir@objc(cs)BrivoOnairPass"
                      }
                    ],
                    "usr": "s:Sa"
                  }
                ],
                "usr": "s:Sq"
              }
            ],
            "declKind": "Func",
            "usr": "c:@M@BrivoFluid@objc(pl)IBrivoSDKFluid(im)updateFluidAccessPassesWithBrivoOnairPasses:",
            "mangledName": "$s10BrivoFluid14IBrivoSDKFluidP06updateB12AccessPasses010brivoOnairG0ySay0A5OnAir0aI4PassCGSg_tF",
            "moduleName": "BrivoFluid",
            "genericSig": "<τ_0_0 where τ_0_0 : BrivoFluid.IBrivoSDKFluid>",
            "sugared_genericSig": "<Self where Self : BrivoFluid.IBrivoSDKFluid>",
            "protocolReq": true,
            "declAttributes": [
              "RawDocComment",
              "ObjC"
            ],
            "reqNewWitnessTableEntry": true,
            "funcSelfKind": "NonMutating"
          },
          {
            "kind": "Function",
            "name": "addFluidAccessPass",
            "printedName": "addFluidAccessPass(brivoOnairPass:)",
            "children": [
              {
                "kind": "TypeNominal",
                "name": "Void",
                "printedName": "()"
              },
              {
                "kind": "TypeNominal",
                "name": "Optional",
                "printedName": "BrivoOnAir.BrivoOnairPass?",
                "children": [
                  {
                    "kind": "TypeNominal",
                    "name": "BrivoOnairPass",
                    "printedName": "BrivoOnAir.BrivoOnairPass",
                    "usr": "c:@M@BrivoOnAir@objc(cs)BrivoOnairPass"
                  }
                ],
                "usr": "s:Sq"
              }
            ],
            "declKind": "Func",
            "usr": "c:@M@BrivoFluid@objc(pl)IBrivoSDKFluid(im)addFluidAccessPassWithBrivoOnairPass:",
            "mangledName": "$s10BrivoFluid14IBrivoSDKFluidP03addB10AccessPass010brivoOnairG0y0A5OnAir0aiG0CSg_tF",
            "moduleName": "BrivoFluid",
            "genericSig": "<τ_0_0 where τ_0_0 : BrivoFluid.IBrivoSDKFluid>",
            "sugared_genericSig": "<Self where Self : BrivoFluid.IBrivoSDKFluid>",
            "protocolReq": true,
            "declAttributes": [
              "RawDocComment",
              "ObjC"
            ],
            "reqNewWitnessTableEntry": true,
            "funcSelfKind": "NonMutating"
          }
        ],
        "declKind": "Protocol",
        "usr": "c:@M@BrivoFluid@objc(pl)IBrivoSDKFluid",
        "mangledName": "$s10BrivoFluid14IBrivoSDKFluidP",
        "moduleName": "BrivoFluid",
        "genericSig": "<τ_0_0 : AnyObject>",
        "sugared_genericSig": "<Self : AnyObject>",
        "declAttributes": [
          "AccessControl",
          "ObjC"
        ]
      }
    ],
    "json_format_version": 8
  },
  "ConstValues": [
    {
      "filePath": "\/Users\/adriansomesan\/VSP\/Projects\/mobile-sdk-ios\/BrivoFluid\/BrivoFluid\/Constants.swift",
      "kind": "StringLiteral",
      "offset": 185,
      "length": 38,
      "value": "\"740fa941-80a2-467d-8d79-9f72219981dc\""
    },
    {
      "filePath": "\/Users\/adriansomesan\/VSP\/Projects\/mobile-sdk-ios\/BrivoFluid\/BrivoFluid\/Constants.swift",
      "kind": "IntegerLiteral",
      "offset": 290,
      "length": 1,
      "value": "5"
    },
    {
      "filePath": "\/Users\/adriansomesan\/VSP\/Projects\/mobile-sdk-ios\/BrivoFluid\/BrivoFluid\/Constants.swift",
      "kind": "IntegerLiteral",
      "offset": 336,
      "length": 3,
      "value": "-95"
    },
    {
      "filePath": "\/Users\/adriansomesan\/VSP\/Projects\/mobile-sdk-ios\/BrivoFluid\/BrivoFluid\/Constants.swift",
      "kind": "IntegerLiteral",
      "offset": 460,
      "length": 5,
      "value": "-5000"
    },
    {
      "filePath": "\/Users\/adriansomesan\/VSP\/Projects\/mobile-sdk-ios\/BrivoFluid\/BrivoFluid\/Constants.swift",
      "kind": "StringLiteral",
      "offset": 485,
      "length": 16,
      "value": "\"Unknown error.\""
    },
    {
      "filePath": "\/Users\/adriansomesan\/VSP\/Projects\/mobile-sdk-ios\/BrivoFluid\/BrivoFluid\/Constants.swift",
      "kind": "IntegerLiteral",
      "offset": 593,
      "length": 5,
      "value": "-5001"
    },
    {
      "filePath": "\/Users\/adriansomesan\/VSP\/Projects\/mobile-sdk-ios\/BrivoFluid\/BrivoFluid\/Constants.swift",
      "kind": "StringLiteral",
      "offset": 618,
      "length": 49,
      "value": "\"Fluid Access cannot open door with 2FA enabled.\""
    },
    {
      "filePath": "\/Users\/adriansomesan\/VSP\/Projects\/mobile-sdk-ios\/BrivoFluid\/BrivoFluid\/Constants.swift",
      "kind": "IntegerLiteral",
      "offset": 755,
      "length": 5,
      "value": "-5002"
    },
    {
      "filePath": "\/Users\/adriansomesan\/VSP\/Projects\/mobile-sdk-ios\/BrivoFluid\/BrivoFluid\/Constants.swift",
      "kind": "StringLiteral",
      "offset": 780,
      "length": 31,
      "value": "\"No stored local passes found.\""
    },
    {
      "filePath": "\/Users\/adriansomesan\/VSP\/Projects\/mobile-sdk-ios\/BrivoFluid\/BrivoFluid\/Constants.swift",
      "kind": "IntegerLiteral",
      "offset": 905,
      "length": 5,
      "value": "-5003"
    },
    {
      "filePath": "\/Users\/adriansomesan\/VSP\/Projects\/mobile-sdk-ios\/BrivoFluid\/BrivoFluid\/Constants.swift",
      "kind": "StringLiteral",
      "offset": 930,
      "length": 40,
      "value": "\"Access Point not found in your passes.\""
    },
    {
      "filePath": "\/Users\/adriansomesan\/VSP\/Projects\/mobile-sdk-ios\/BrivoFluid\/BrivoFluid\/Constants.swift",
      "kind": "IntegerLiteral",
      "offset": 1045,
      "length": 5,
      "value": "-5004"
    },
    {
      "filePath": "\/Users\/adriansomesan\/VSP\/Projects\/mobile-sdk-ios\/BrivoFluid\/BrivoFluid\/Constants.swift",
      "kind": "StringLiteral",
      "offset": 1070,
      "length": 25,
      "value": "\"Access Point timed out.\""
    },
    {
      "filePath": "\/Users\/adriansomesan\/VSP\/Projects\/mobile-sdk-ios\/BrivoFluid\/BrivoFluid\/Constants.swift",
      "kind": "IntegerLiteral",
      "offset": 1230,
      "length": 5,
      "value": "-5010"
    },
    {
      "filePath": "\/Users\/adriansomesan\/VSP\/Projects\/mobile-sdk-ios\/BrivoFluid\/BrivoFluid\/Services\/iBeaconService.swift",
      "kind": "BooleanLiteral",
      "offset": 271,
      "length": 5,
      "value": "false"
    },
    {
      "filePath": "\/Users\/adriansomesan\/VSP\/Projects\/mobile-sdk-ios\/BrivoFluid\/BrivoFluid\/Services\/iBeaconService.swift",
      "kind": "BooleanLiteral",
      "offset": 643,
      "length": 4,
      "value": "true"
    },
    {
      "filePath": "\/Users\/adriansomesan\/VSP\/Projects\/mobile-sdk-ios\/BrivoFluid\/BrivoFluid\/Services\/iBeaconService.swift",
      "kind": "BooleanLiteral",
      "offset": 1063,
      "length": 4,
      "value": "true"
    },
    {
      "filePath": "\/Users\/adriansomesan\/VSP\/Projects\/mobile-sdk-ios\/BrivoFluid\/BrivoFluid\/Services\/iBeaconService.swift",
      "kind": "BooleanLiteral",
      "offset": 1338,
      "length": 5,
      "value": "false"
    },
    {
      "filePath": "\/Users\/adriansomesan\/VSP\/Projects\/mobile-sdk-ios\/BrivoFluid\/BrivoFluid\/Services\/iBeaconService.swift",
      "kind": "StringLiteral",
      "offset": 2613,
      "length": 2,
      "value": "\"\""
    },
    {
      "filePath": "\/Users\/adriansomesan\/VSP\/Projects\/mobile-sdk-ios\/BrivoFluid\/BrivoFluid\/Services\/iBeaconService.swift",
      "kind": "BooleanLiteral",
      "offset": 3102,
      "length": 5,
      "value": "false"
    },
    {
      "filePath": "\/Users\/adriansomesan\/VSP\/Projects\/mobile-sdk-ios\/BrivoFluid\/BrivoFluid\/Services\/iBeaconService.swift",
      "kind": "BooleanLiteral",
      "offset": 3145,
      "length": 4,
      "value": "true"
    },
    {
      "filePath": "\/Users\/adriansomesan\/VSP\/Projects\/mobile-sdk-ios\/BrivoFluid\/BrivoFluid\/Services\/iBeaconService.swift",
      "kind": "BooleanLiteral",
      "offset": 3186,
      "length": 4,
      "value": "true"
    },
    {
      "filePath": "\/Users\/adriansomesan\/VSP\/Projects\/mobile-sdk-ios\/BrivoFluid\/BrivoFluid\/Services\/iBeaconService.swift",
      "kind": "IntegerLiteral",
      "offset": 4308,
      "length": 1,
      "value": "0"
    },
    {
      "filePath": "\/Users\/adriansomesan\/VSP\/Projects\/mobile-sdk-ios\/BrivoFluid\/BrivoFluid\/Services\/iBeaconService.swift",
      "kind": "StringLiteral",
      "offset": 150,
      "length": 14,
      "value": "\"BrivoFluid.IBeaconService\""
    },
    {
      "filePath": "\/Users\/adriansomesan\/VSP\/Projects\/mobile-sdk-ios\/BrivoFluid\/BrivoFluid\/BrivoSDKFluid.swift",
      "kind": "BooleanLiteral",
      "offset": 568,
      "length": 5,
      "value": "false"
    },
    {
      "filePath": "\/Users\/adriansomesan\/VSP\/Projects\/mobile-sdk-ios\/BrivoFluid\/BrivoFluid\/BrivoSDKFluid.swift",
      "kind": "Array",
      "offset": 2225,
      "length": 2,
      "value": "[]"
    },
    {
      "filePath": "\/Users\/adriansomesan\/VSP\/Projects\/mobile-sdk-ios\/BrivoFluid\/BrivoFluid\/BrivoSDKFluid.swift",
      "kind": "StringLiteral",
      "offset": 2789,
      "length": 24,
      "value": "\"\""
    },
    {
      "filePath": "\/Users\/adriansomesan\/VSP\/Projects\/mobile-sdk-ios\/BrivoFluid\/BrivoFluid\/BrivoSDKFluid.swift",
      "kind": "IntegerLiteral",
      "offset": 2801,
      "length": 2,
      "value": "16"
    },
    {
      "filePath": "\/Users\/adriansomesan\/VSP\/Projects\/mobile-sdk-ios\/BrivoFluid\/BrivoFluid\/BrivoSDKFluid.swift",
      "kind": "StringLiteral",
      "offset": 2812,
      "length": 1,
      "value": "\"\""
    },
    {
      "filePath": "\/Users\/adriansomesan\/VSP\/Projects\/mobile-sdk-ios\/BrivoFluid\/BrivoFluid\/BrivoSDKFluid.swift",
      "kind": "BooleanLiteral",
      "offset": 4119,
      "length": 4,
      "value": "true"
    },
    {
      "filePath": "\/Users\/adriansomesan\/VSP\/Projects\/mobile-sdk-ios\/BrivoFluid\/BrivoFluid\/BrivoSDKFluid.swift",
      "kind": "FloatLiteral",
      "offset": 4218,
      "length": 4,
      "value": "30.0"
    },
    {
      "filePath": "\/Users\/adriansomesan\/VSP\/Projects\/mobile-sdk-ios\/BrivoFluid\/BrivoFluid\/BrivoSDKFluid.swift",
      "kind": "BooleanLiteral",
      "offset": 4233,
      "length": 5,
      "value": "false"
    },
    {
      "filePath": "\/Users\/adriansomesan\/VSP\/Projects\/mobile-sdk-ios\/BrivoFluid\/BrivoFluid\/BrivoSDKFluid.swift",
      "kind": "BooleanLiteral",
      "offset": 4309,
      "length": 4,
      "value": "true"
    },
    {
      "filePath": "\/Users\/adriansomesan\/VSP\/Projects\/mobile-sdk-ios\/BrivoFluid\/BrivoFluid\/BrivoSDKFluid.swift",
      "kind": "BooleanLiteral",
      "offset": 4346,
      "length": 5,
      "value": "false"
    },
    {
      "filePath": "\/Users\/adriansomesan\/VSP\/Projects\/mobile-sdk-ios\/BrivoFluid\/BrivoFluid\/BrivoSDKFluid.swift",
      "kind": "BooleanLiteral",
      "offset": 5156,
      "length": 5,
      "value": "false"
    },
    {
      "filePath": "\/Users\/adriansomesan\/VSP\/Projects\/mobile-sdk-ios\/BrivoFluid\/BrivoFluid\/BrivoSDKFluid.swift",
      "kind": "BooleanLiteral",
      "offset": 5443,
      "length": 5,
      "value": "false"
    }
  ]
}